artist,song,album,year,duration
ANOTR,How You Feel (Ft. Leven Kali),How You Feel (Ft. Leven Kali),2024,196
PAWSA,TOO COOL TO BE CARELESS,TOO COOL TO BE CARELESS,2024,220
GOLFOS,OFF THE HOOK - NYC EDIT,OFF THE HOOK,2024,213
Vintage Culture,Weak,Weak,2024,202
PAWSA,The Groovy Cat,The Groovy Cat,2017,272
Vintage Culture,I Will Find,I Will Find,2018,224
El Profesor,Bella ciao - Hugel Remix,Bella ciao (Hugel Remix),2018,164
RÜFÜS DU SOL,You Were Right,Bloom,2016,239
Stardust,Music Sounds Better With You,Music Sounds Better With You,1998,403
Fred again..,places to be,ten days,2024,224
Fred again..,Marea (we’ve lost dancing),Actual Life (April 14 - December 17 2020),2021,285
Fred again..,adore u,ten days,2024,220
Fred again..,leavemealone,USB,2022,222
Fred again..,ten,ten days,2024,181
Fred again..,Delilah (pull me out of this),Actual Life 3 (January 1 - September 9 2022),2022,250
Daniel Allan,I Just Need (with Lyrah),Duality,2023,146
ZHU,Cocaine Model,THE NIGHTDAY,2014,255
ANOTR,Relax My Eyes,Relax My Eyes,2022,192
RSCL,Lost,Lost,2022,153
nimino,I Only Smoke When I Drink,I Only Smoke When I Drink,2024,198
Chris Lake,Beggin',Beggin',2023,183
Glass Animals,Tangerine,Dreamland,2020,200
Netsky,Rio (feat. Digital Farm Animals),Rio (feat. Digital Farm Animals),2015,229
Daft Punk,One More Time,Discovery,2001,320
Frank Ocean,Pyramids,channel ORANGE,2012,592
Sammy Virji,If U Need It,If U Need It,2023,179
Joy Anonymous,JOY (By My Side),JOY (By My Side),2024,222
Fred again..,peace u need,ten days,2024,344
Unknown T,Goodums - Sammy Virji Remix,Goodums (Sammy Virji Remix),2023,184
Angelo Ferreri,Oh Honey,Oh Honey,2021,149
Disclosure,"She’s Gone, Dance On","She’s Gone, Dance On",2024,226
Bob Marley & The Wailers,Jamming - FISHER Rework,Jamming (FISHER Rework),2024,201
Boston Bun,Missing You,Missing You,2017,207
Betical,Back On 74 - Rework,Back On 74 (Rework),2024,340
Jai Wolf,Water Sign (feat. Aluna),Water Sign (feat. Aluna),2024,209
D.O.D,So Much in Love,So Much in Love (Remixes),2023,178
FISHER,Atmosphere,Atmosphere,2023,182
Chris Lake,Summertime Blues (feat. Nathan Nicholson),Summertime Blues (feat. Nathan Nicholson),2024,251
Wata Igarashi,Searching,Agartha,2023,330
Sammy Virji,Damager,Damager,2024,224
FISHER,Atmosphere,Atmosphere,2023,182
ACRAZE,Do It To It,Do It To It,2021,157
Dom Dolla,Saving Up,Saving Up (Odd Mob Remix),2024,207
HUGEL,Forever (feat. Malou & Yuna),Forever (feat. Malou & Yuna),2024,140
Mobb Deep,"Shook Ones, Pt. III","Shook Ones, Pt. III",2024,281
Adam Port,Move,Move,2024,177
HUGEL,I Adore You (feat. Daecolm),I Adore You (feat. Daecolm),2024,214
Rampa,Say What,Say What,2024,181
PAWSA,PICK UP THE PHONE (feat. Nate Dogg),PICK UP THE PHONE (feat. Nate Dogg),2024,224
Mr. Belt & Wezol,Keep It Exciting,Keep It Exciting,2024,139
DJ Katch,You're Makin' Me High,You're Makin' Me High,2024,166
Nu Aspect,Over The Edge,Over The Edge,2024,234
INNERVERSE,Reverie,Reverie,2024,223
CAKES,No Man's Land,No Man's Land,2024,137
WILL K,All My Love,All My Love,2024,196
Nu Aspect,Sweet Release,Sweet Release,2024,226
NOTSOBAD,Let It Go,Let It Go,2024,196
Retrowaves,Real Love,Real Love,2023,147
Lavern,All I Want Is You,All I Want Is You,2024,149
Lost Frequencies,Black Friday (pretty like the sun),Black Friday (pretty like the sun),2024,145
Truth x Lies,Heard About Me,Heard About Me,2024,183
Sammy Virji,No Other (feat. Ragga Twins),BLOOM,2022,158
Inner City,Big Fun,Big Fun,2024,247
Dom Dolla,San Frandisco,San Frandisco,2019,185
War,Low Rider - Kyle Watson Remix,Low Rider (Kyle Watson Remix),2023,200
Arlo,Alexus,Alexus,2024,125
Yung Bae,ARRIVAL,6AE,2024,215
Pretty Girl,All Good - Jasper Tygner Remix,All Good (Jasper Tygner Remix),2023,243
berlioz,hot house,jazz is for ordinary people,2023,157
Kornél Kovács,Szikra,Szikra,2014,401
Harunhuba,Elena,Never Going Dagga,2023,143
Yung Bae,ARRIVAL,6AE,2024,215
Tiësto,Drifting,Drifting,2023,147
ROYA,Cruise,Cruise,2024,175
Miami Horror,Leila - Poolside Remix,Leila (Poolside Remix),2017,318
Effy,iluv,iluv,2024,257
False Persona,Crazy,Crazy,2025,269
Dom Dolla,girl$,girl$,2024,209
Sean Paul,Get Busy - Odd Mob Club Mix,Get Busy (Odd Mob Club Mix),2024,165
GEN.KLOUD,VIRUS - Odd Mob Remix,AUTONOMY (REMIXES),2021,184
Ladji Mouflet,FRENCH BOSSA NOVA,FRENCH BOSSA NOVA,2023,230
Ladji Mouflet,IDEK WHAT 2 SAY,IDEK WHAT 2 SAY,2024,147
Gorgon City,Voodoo,Salvation,2023,214
Chanpan,election year - ladji flip,election year (ladji flip),2025,142
IAMNOBODI,Separated,House Hues,2021,98
lvusm,May 19,Things I Haven't Put on Spotify,2020,64
Flamingosis,Groovin',Kahunastyle,2016,213
Sammy Virji,Nostalgia,Nostalgia,2025,210
Biskwiq,Cucumber Water,Cucumber Water,2018,203
Wilkinson,Used to This,Cognition,2022,226
Mild Minds,FORMATIONS,MOOD,2020,177
AYYBO,RIZZ,RIZZ,2023,200
Jungle,"Just Fly, Don't Worry",Loving In Stereo,2021,108
MichaelBM,Carnaval - Radio Edit,Carnaval,2024,112
Quliano,NYC,NYC,2025,182
"Nikita, the Wicked",YA BODY,YA BODY,2024,183
Uffie,ADD SUV (feat. Pharrell Williams) - Armand Van Helden Club Remix,ADD SUV,2010,284
Disco Lines,No Broke Boys,No Broke Boys,2025,163
Litany,Bedroom,4 Track EP,2017,186
veggi,UP DOWN BOUNCE,FLORA (DELUXE),2025,188
Modjo,Lady - Hear Me Tonight,Modjo (Remastered),2001,307
Tête de la Course,On Time - Angelo Ferreri Remix,On Time (REMIXES),2020,172
